id,name,model_id:id,group_id:id,perm_read,perm_write,perm_create,perm_unlink
access_property_user,property.user,model_property,property_user_group,1,1,1,0
access_property_manager,property.manager,model_property,property_manager_group,1,1,1,1
access_owner_user,owner.user,model_owner,property_user_group,1,0,0,0
access_owner_manager,owner.manager,model_owner,property_manager_group,1,1,1,1
access_tag_user,tag.user,model_tag,property_user_group,1,0,0,0
access_tag_manager,tag.manager,model_tag,property_manager_group,1,1,1,1
access_property_line_user,property.line.user,model_property_line,property_user_group,1,0,0,0
access_property_line_manager,property.line.manager,model_property_line,property_manager_group,1,1,1,1
access_building_user,building.user,model_building,property_user_group,1,0,0,0
access_building_manager,building.manager,model_building,property_manager_group,1,1,1,1
access_property_history_user,property_history.user,model_property_history,property_user_group,1,0,0,0
access_property_history_manager,property_history.manager,model_property_history,property_manager_group,1,1,1,1
access_change_state_user,change_state.user,model_change_state,property_user_group,1,0,0,0
access_change_state_manager,change_state.manager,model_change_state,property_manager_group,1,1,1,1
access_property_history_line_user,property_history_line.user,model_property_history_line,property_user_group,1,0,0,0
access_property_history_line_manager,property_history_line.manager,model_property_history_line,property_manager_group,1,1,1,1
